Time,Id,Logo,Competição,Temporada,liga_id,season_id
Avaí,330,https://cdn5.wyscout.com/photos/team/public/495_120x120.png,Brasileiro B,2021,89,-2508
Botafogo,323,https://cdn5.wyscout.com/photos/team/public/251_120x120.png,Brasileiro B,2021,89,-2508
Brasil de Pelotas,6205,https://cdn5.wyscout.com/photos/team/public/g6205_120x120.png,Brasileiro B,2021,89,-2508
Brusque,6227,https://cdn5.wyscout.com/photos/team/public/2364_120x120.png,Brasileiro B,2021,89,-2508
Confiança,3715,https://cdn5.wyscout.com/photos/team/public/g3715_120x120.png,Brasileiro B,2021,89,-2508
Coritiba,324,https://cdn5.wyscout.com/photos/team/public/488_120x120.png,Brasileiro B,2021,89,-2508
CRB,344,https://cdn5.wyscout.com/photos/team/public/502_120x120.png,Brasileiro B,2021,89,-2508
Cruzeiro,304,https://cdn5.wyscout.com/photos/team/public/249_120x120.png,Brasileiro B,2021,89,-2508
CSA,6294,https://cdn5.wyscout.com/photos/team/public/g6294_120x120.png,Brasileiro B,2021,89,-2508
Goiás,307,https://cdn5.wyscout.com/photos/team/public/260_120x120.png,Brasileiro B,2021,89,-2508
Guarani,316,https://cdn5.wyscout.com/photos/team/public/534_120x120.png,Brasileiro B,2021,89,-2508
Londrina,346,https://cdn5.wyscout.com/photos/team/public/4357_120x120.png,Brasileiro B,2021,89,-2508
Náutico,326,https://cdn5.wyscout.com/photos/team/public/259_120x120.png,Brasileiro B,2021,89,-2508
Operário PR,13217,https://cdn5.wyscout.com/photos/team/public/2380_120x120.png,Brasileiro B,2021,89,-2508
Ponte Preta,301,https://cdn5.wyscout.com/photos/team/public/506_120x120.png,Brasileiro B,2021,89,-2508
Remo,332,https://cdn5.wyscout.com/photos/team/public/1642_120x120.png,Brasileiro B,2021,89,-2508
Sampaio Corrêa,2833,https://cdn5.wyscout.com/photos/team/public/3360_120x120.png,Brasileiro B,2021,89,-2508
Vasco da Gama,321,https://cdn5.wyscout.com/photos/team/public/253_120x120.png,Brasileiro B,2021,89,-2508
Vila Nova,329,https://cdn5.wyscout.com/photos/team/public/503_120x120.png,Brasileiro B,2021,89,-2508
Vitória,306,https://cdn5.wyscout.com/photos/team/public/527_120x120.png,Brasileiro B,2021,89,-2508
América Mineiro,337,https://cdn5.wyscout.com/photos/team/public/1729_120x120.png,Brasileiro A,2021,26,-2509
Athletico Paranaense,315,https://cdn5.wyscout.com/photos/team/public/254_120x120.png,Brasileiro A,2021,26,-2509
Atlético GO,6216,https://cdn5.wyscout.com/photos/team/public/1716_120x120.png,Brasileiro A,2021,26,-2509
Atlético Mineiro,317,https://cdn5.wyscout.com/photos/team/public/252_120x120.png,Brasileiro A,2021,26,-2509
Bahia,341,https://cdn5.wyscout.com/photos/team/public/501_120x120.png,Brasileiro A,2021,26,-2509
Ceará,333,https://cdn5.wyscout.com/photos/team/public/493_120x120.png,Brasileiro A,2021,26,-2509
Chapecoense,6223,https://cdn5.wyscout.com/photos/team/public/2375_120x120.png,Brasileiro A,2021,26,-2509
Corinthians,320,https://cdn5.wyscout.com/photos/team/public/248_120x120.png,Brasileiro A,2021,26,-2509
Cuiabá,3719,https://cdn5.wyscout.com/photos/team/public/3325_120x120.png,Brasileiro A,2021,26,-2509
Flamengo,318,https://cdn5.wyscout.com/photos/team/public/246_120x120.png,Brasileiro A,2021,26,-2509
Fluminense,312,https://cdn5.wyscout.com/photos/team/public/245_120x120.png,Brasileiro A,2021,26,-2509
Fortaleza,327,https://cdn5.wyscout.com/photos/team/public/500_120x120.png,Brasileiro A,2021,26,-2509
Grêmio,313,https://cdn5.wyscout.com/photos/team/public/247_120x120.png,Brasileiro A,2021,26,-2509
Internacional,308,https://cdn5.wyscout.com/photos/team/public/255_120x120.png,Brasileiro A,2021,26,-2509
Juventude,314,https://cdn5.wyscout.com/photos/team/public/507_120x120.png,Brasileiro A,2021,26,-2509
Palmeiras,310,https://cdn5.wyscout.com/photos/team/public/250_120x120.png,Brasileiro A,2021,26,-2509
Red Bull Bragantino,2827,https://cdn5.wyscout.com/photos/team/public/498_120x120.png,Brasileiro A,2021,26,-2509
Santos,319,https://cdn5.wyscout.com/photos/team/public/244_120x120.png,Brasileiro A,2021,26,-2509
São Paulo,302,https://cdn5.wyscout.com/photos/team/public/243_120x120.png,Brasileiro A,2021,26,-2509
Sport Recife,338,https://cdn5.wyscout.com/photos/team/public/258_120x120.png,Brasileiro A,2021,26,-2509
Brasil,349,https://cdn5.wyscout.com/photos/team/public/922_120x120.png,Seleção,2021,,
ABC U20,22820,,Sub-20,2021,,
Atlético GO U20,23793,https://cdn5.wyscout.com/photos/team/public/1716_120x120.png,Sub-20,2021,,
Atlético Mineiro U20,22817,https://cdn5.wyscout.com/photos/team/public/252_120x120.png,Sub-20,2021,,
Avaí U20,22800,,Sub-20,2021,,
Bahia U20,22821,,Sub-20,2021,,
Botafogo U20,22827,,Sub-20,2021,,
Bragantino PA U20,-12133,,Sub-20,2021,,
Castelo TO U20,-13826,,Sub-20,2021,,
Confiança U20,23790,,Sub-20,2021,,
Corinthians U20,21598,,Sub-20,2021,,
Coritiba U20,22828,,Sub-20,2021,,
Floresta CE U20,38125,,Sub-20,2021,,
Fluminense PI U20,-11677,,Sub-20,2021,,
Galvez U20,35449,,Sub-20,2021,,
Internacional U20,22819,,Sub-20,2021,,
Jaciobá U20,-12134,,Sub-20,2021,,
Londrina U20,38130,,Sub-20,2021,,
Nacional AM U19,23803,,Sub-20,2021,,
Nautico U20,22801,,Sub-20,2021,,
Palmeiras U20,22813,,Sub-20,2021,,
Perilima U20,-11679,,Sub-20,2021,,
Planaltina U20,-13786,,Sub-20,2021,,
Presidente Médici U20,-13787,,Sub-20,2021,,
Real Ariquemes U20,-9446,,Sub-20,2021,,
São José PA U20,38471,,Sub-20,2021,,
São Raimundo RR U20,23786,,Sub-20,2021,,
Serra U20,-9432,,Sub-20,2021,,
Trem U20,-9436,,Sub-20,2021,,
Tupi U20,-11680,,Sub-20,2021,,
União ABC U20,35440,,Sub-20,2021,,
União Rondonópolis U20,38116,,Sub-20,2021,,
Vasco da Gama U20,22815,https://cdn5.wyscout.com/photos/team/public/253_120x120.png,Sub-20,2021,,
ABC,5112,https://cdn5.wyscout.com/photos/team/public/492_120x120.png,Brasileiro D,2021,,
Águia Negra,6305,https://cdn5.wyscout.com/photos/team/public/g6305_120x120.png,Brasileiro D,2021,,
Aimoré,10376,https://cdn5.wyscout.com/photos/team/public/g10376_120x120.png,Brasileiro D,2021,,
América RN,5114,https://cdn5.wyscout.com/photos/team/public/262_120x120.png,Brasileiro D,2021,,
Aparecidense,6219,https://cdn5.wyscout.com/photos/team/public/3212_120x120.png,Brasileiro D,2021,,
ASA,5115,https://cdn5.wyscout.com/photos/team/public/2260_120x120.png,Brasileiro D,2021,,
Atlético Acreano,6353,https://cdn5.wyscout.com/photos/team/public/g6353_120x120.png,Brasileiro D,2021,,
Atlético Alagoinhas,6252,https://cdn5.wyscout.com/photos/team/public/3300_120x120.png,Brasileiro D,2021,,
Atlético Cearense,6266,https://cdn5.wyscout.com/photos/team/public/g6266_120x120.png,Brasileiro D,2021,,
Bahia de Feira,13251,https://cdn5.wyscout.com/photos/team/public/3301_120x120.png,Brasileiro D,2021,,
Bangu,10330,https://cdn5.wyscout.com/photos/team/public/1734_120x120.png,Brasileiro D,2021,,
Boa,5127,https://cdn5.wyscout.com/photos/team/public/1768_120x120.png,Brasileiro D,2021,,
Boavista,7895,https://cdn5.wyscout.com/photos/team/public/1735_120x120.png,Brasileiro D,2021,,
Brasiliense,339,https://cdn5.wyscout.com/photos/team/public/489_120x120.png,Brasileiro D,2021,,
Caldense,3710,https://cdn5.wyscout.com/photos/team/public/2411_120x120.png,Brasileiro D,2021,,
Campinense,3711,https://cdn5.wyscout.com/photos/team/public/1715_120x120.png,Brasileiro D,2021,,
Cascavel,14579,https://cdn5.wyscout.com/photos/team/public/g14579_120x120.png,Brasileiro D,2021,,
Castanhal,6271,https://cdn5.wyscout.com/photos/team/public/g6271_120x120.png,Brasileiro D,2021,,
Caucaia,14697,https://cdn5.wyscout.com/photos/team/public/g14697_120x120.png,Brasileiro D,2021,,
Caxias,345,https://cdn5.wyscout.com/photos/team/public/1724_120x120.png,Brasileiro D,2021,,
Central,6393,https://cdn5.wyscout.com/photos/team/public/3405_120x120.png,Brasileiro D,2021,,
Cianorte,3714,https://cdn5.wyscout.com/photos/team/public/2365_120x120.png,Brasileiro D,2021,,
Esportivo,3720,https://cdn5.wyscout.com/photos/team/public/1721_120x120.png,Brasileiro D,2021,,
Fast Clube,6396,https://cdn5.wyscout.com/photos/team/public/3317_120x120.png,Brasileiro D,2021,,
Ferroviária,7944,https://cdn5.wyscout.com/photos/team/public/g7944_120x120.png,Brasileiro D,2021,,
Galvez,23735,https://cdn5.wyscout.com/photos/team/public/g23735_120x120.png,Brasileiro D,2021,,
Gama,2829,https://cdn5.wyscout.com/photos/team/public/504_120x120.png,Brasileiro D,2021,,
GAS,6357,https://cdn5.wyscout.com/photos/team/public/g6357_120x120.png,Brasileiro D,2021,,
Goianésia,17261,https://cdn5.wyscout.com/photos/team/public/3211_120x120.png,Brasileiro D,2021,,
Guarany de Sobral,2832,https://cdn5.wyscout.com/photos/team/public/g2832_120x120.png,Brasileiro D,2021,,
Imperatriz,5121,https://cdn5.wyscout.com/photos/team/public/g5121_120x120.png,Brasileiro D,2021,,
Inter de Limeira,3753,https://cdn5.wyscout.com/photos/team/public/g3753_120x120.png,Brasileiro D,2021,,
Itabaiana,5126,https://cdn5.wyscout.com/photos/team/public/g5126_120x120.png,Brasileiro D,2021,,
Jaraguá,-11814,https://cdn5.wyscout.com/photos/team/public/g-11814_120x120.png,Brasileiro D,2021,,
Joinville,348,https://cdn5.wyscout.com/photos/team/public/2363_120x120.png,Brasileiro D,2021,,
Juazeirense,10845,https://cdn5.wyscout.com/photos/team/public/g10845_120x120.png,Brasileiro D,2021,,
Juventude MA,6528,https://cdn5.wyscout.com/photos/team/public/g6528_120x120.png,Brasileiro D,2021,,
Juventus Jaraguá,6222,https://cdn5.wyscout.com/photos/team/public/2370_120x120.png,Brasileiro D,2021,,
Madureira,3757,https://cdn5.wyscout.com/photos/team/public/1728_120x120.png,Brasileiro D,2021,,
Marcílio Dias,5131,https://cdn5.wyscout.com/photos/team/public/3207_120x120.png,Brasileiro D,2021,,
Moto Club MA,3726,https://cdn5.wyscout.com/photos/team/public/g3726_120x120.png,Brasileiro D,2021,,
Murici,6291,https://cdn5.wyscout.com/photos/team/public/3321_120x120.png,Brasileiro D,2021,,
Nova Mutum EC,-13800,https://cdn5.wyscout.com/photos/team/public/g-13800_120x120.png,Brasileiro D,2021,,
Palmas,3727,https://cdn5.wyscout.com/photos/team/public/g3727_120x120.png,Brasileiro D,2021,,
Paragominas,23305,https://cdn5.wyscout.com/photos/team/public/g23305_120x120.png,Brasileiro D,2021,,
Patrocinense,38497,https://cdn5.wyscout.com/photos/team/public/g38497_120x120.png,Brasileiro D,2021,,
Peñarol,13163,https://cdn5.wyscout.com/photos/team/public/g13163_120x120.png,Brasileiro D,2021,,
Porto Velho,-13798,https://cdn5.wyscout.com/photos/team/public/g-13798_120x120.png,Brasileiro D,2021,,
Portuguesa,335,https://cdn5.wyscout.com/photos/team/public/496_120x120.png,Brasileiro D,2021,,
Retrô,-11789,https://cdn5.wyscout.com/photos/team/public/g-11789_120x120.png,Brasileiro D,2021,,
Rio Branco ES,6351,https://cdn5.wyscout.com/photos/team/public/3336_120x120.png,Brasileiro D,2021,,
Rio Branco PR,6182,https://cdn5.wyscout.com/photos/team/public/2379_120x120.png,Brasileiro D,2021,,
Rio Branco-VN,41619,https://cdn5.wyscout.com/photos/team/public/g41619_120x120.png,Brasileiro D,2021,,
Santo André,343,https://cdn5.wyscout.com/photos/team/public/505_120x120.png,Brasileiro D,2021,,
São Bento,6120,https://cdn5.wyscout.com/photos/team/public/g6120_120x120.png,Brasileiro D,2021,,
São Raimundo RR,3731,https://cdn5.wyscout.com/photos/team/public/g3731_120x120.png,Brasileiro D,2021,,
Sergipe,3733,https://cdn5.wyscout.com/photos/team/public/g3733_120x120.png,Brasileiro D,2021,,
Sousa,6296,https://cdn5.wyscout.com/photos/team/public/2324_120x120.png,Brasileiro D,2021,,
Tocantinópolis,5143,https://cdn5.wyscout.com/photos/team/public/g5143_120x120.png,Brasileiro D,2021,,
Treze,3735,https://cdn5.wyscout.com/photos/team/public/3319_120x120.png,Brasileiro D,2021,,
Uberlândia,6197,https://cdn5.wyscout.com/photos/team/public/2368_120x120.png,Brasileiro D,2021,,
União Rondonópolis,3706,https://cdn5.wyscout.com/photos/team/public/3355_120x120.png,Brasileiro D,2021,,
Ypiranga AP,3737,https://cdn5.wyscout.com/photos/team/public/g3737_120x120.png,Brasileiro D,2021,,
Atlético Madrid,2020,https://cdn5.wyscout.com/photos/team/public/47_120x120.png,Espanha A,2021,7,-1608
Barcelona,2017,https://cdn5.wyscout.com/photos/team/public/42_120x120.png,Espanha A,2021,7,-1608
Cádiz,2041,https://cdn5.wyscout.com/photos/team/public/1930_120x120.png,Espanha A,2021,7,-1608
Celta de Vigo,2033,https://cdn5.wyscout.com/photos/team/public/783_120x120.png,Espanha A,2021,7,-1608
Deportivo Alavés,2037,https://cdn5.wyscout.com/photos/team/public/784_120x120.png,Espanha A,2021,7,-1608
Elche,2043,https://cdn5.wyscout.com/photos/team/public/777_120x120.png,Espanha A,2021,7,-1608
Espanyol,2032,https://cdn5.wyscout.com/photos/team/public/43_120x120.png,Espanha A,2021,7,-1608
Getafe,2039,https://cdn5.wyscout.com/photos/team/public/56_120x120.png,Espanha A,2021,7,-1608
Granada,7072,https://cdn5.wyscout.com/photos/team/public/1202_120x120.png,Espanha A,2021,7,-1608
Levante,2036,https://cdn5.wyscout.com/photos/team/public/57_120x120.png,Espanha A,2021,7,-1608
Mallorca,2027,https://cdn5.wyscout.com/photos/team/public/46_120x120.png,Espanha A,2021,7,-1608
Osasuna,2022,https://cdn5.wyscout.com/photos/team/public/48_120x120.png,Espanha A,2021,7,-1608
Rayo Vallecano,2054,https://cdn5.wyscout.com/photos/team/public/1220_120x120.png,Espanha A,2021,7,-1608
Real Betis,2025,https://cdn5.wyscout.com/photos/team/public/45_120x120.png,Espanha A,2021,7,-1608
Real Madrid,2016,https://cdn5.wyscout.com/photos/team/public/41_120x120.png,Espanha A,2021,7,-1608
Real Sociedad,2028,https://cdn5.wyscout.com/photos/team/public/771_120x120.png,Espanha A,2021,7,-1608
Sevilla,2021,https://cdn5.wyscout.com/photos/team/public/44_120x120.png,Espanha A,2021,7,-1608
Valencia,2015,https://cdn5.wyscout.com/photos/team/public/54_120x120.png,Espanha A,2021,7,-1608
Villarreal,2023,https://cdn5.wyscout.com/photos/team/public/55_120x120.png,Espanha A,2021,7,-1608
Criciúma,305,https://cdn5.wyscout.com/photos/team/public/494_120x120.png,Brasileiro C,2021,321,-2510
Ituano,340,https://cdn5.wyscout.com/photos/team/public/530_120x120.png,Brasileiro C,2021,321,-2510
Grêmio Novorizontino,21284,https://cdn5.wyscout.com/photos/team/public/g21284_120x120.png,Brasileiro C,2021,321,-2510
Paysandu,322,https://cdn5.wyscout.com/photos/team/public/1644_120x120.png,Brasileiro C,2021,321,-2510
Ypiranga Erechim,10394,https://cdn5.wyscout.com/photos/team/public/1765_120x120.png,Brasileiro C,2021,321,-2510
Tombense,14565,https://cdn5.wyscout.com/photos/team/public/2212_120x120.png,Brasileiro C,2021,321,-2510
Manaus,25953,https://cdn5.wyscout.com/photos/team/public/g25953_120x120.png,Brasileiro C,2021,321,-2510
Figueirense,303,https://cdn5.wyscout.com/photos/team/public/257_120x120.png,Brasileiro C,2021,321,-2510
Botafogo PB,6112,https://cdn5.wyscout.com/photos/team/public/3344_120x120.png,Brasileiro C,2021,321,-2510
Volta Redonda,3760,https://cdn5.wyscout.com/photos/team/public/1707_120x120.png,Brasileiro C,2021,321,-2510
Ferroviário,5117,https://cdn5.wyscout.com/photos/team/public/g5117_120x120.png,Brasileiro C,2021,321,-2510
EC São José,6206,https://cdn5.wyscout.com/photos/team/public/1725_120x120.png,Brasileiro C,2021,321,-2510
Botafogo SP,2828,https://cdn5.wyscout.com/photos/team/public/1649_120x120.png,Brasileiro C,2021,321,-2510
Altos,35418,https://cdn5.wyscout.com/photos/team/public/g35418_120x120.png,Brasileiro C,2021,321,-2510
Floresta EC,35157,https://cdn5.wyscout.com/photos/team/public/g35157_120x120.png,Brasileiro C,2021,321,-2510
Mirassol,10164,https://cdn5.wyscout.com/photos/team/public/1643_120x120.png,Brasileiro C,2021,321,-2510
Jacuipense,18369,https://cdn5.wyscout.com/photos/team/public/g18369_120x120.png,Brasileiro C,2021,321,-2510
Paraná,309,https://cdn5.wyscout.com/photos/team/public/256_120x120.png,Brasileiro C,2021,321,-2510
Santa Cruz,325,https://cdn5.wyscout.com/photos/team/public/1723_120x120.png,Brasileiro C,2021,321,-2510
Oeste,10309,https://cdn5.wyscout.com/photos/team/public/1663_120x120.png,Brasileiro C,2021,321,-2510
New England,2279,https://cdn5.wyscout.com/photos/team/public/684_120x120.png,MLS,2021,33,-2405
Seattle Sounders,13024,https://cdn5.wyscout.com/photos/team/public/1534_120x120.png,MLS,2021,33,-2405
Sporting KC,2274,https://cdn5.wyscout.com/photos/team/public/3467_120x120.png,MLS,2021,33,-2405
Colorado Rapids,2278,https://cdn5.wyscout.com/photos/team/public/695_120x120.png,MLS,2021,33,-2405
Nashville SC,28185,https://cdn5.wyscout.com/photos/team/public/g28185_120x120.png,MLS,2021,33,-2405
Philadelphia Union,14575,https://cdn5.wyscout.com/photos/team/public/2413_120x120.png,MLS,2021,33,-2405
Orlando City,13025,https://cdn5.wyscout.com/photos/team/public/g13025_120x120.png,MLS,2021,33,-2405
Los Angeles Galaxy,2272,https://cdn5.wyscout.com/photos/team/public/691_120x120.png,MLS,2021,33,-2405
Portland Timbers,17501,https://cdn5.wyscout.com/photos/team/public/3466_120x120.png,MLS,2021,33,-2405
Minnesota United,14860,https://cdn5.wyscout.com/photos/team/public/g14860_120x120.png,MLS,2021,33,-2405
New York City,27696,https://cdn5.wyscout.com/photos/team/public/g27696_120x120.png,MLS,2021,33,-2405
Vancouver Whitecaps,17500,https://cdn5.wyscout.com/photos/team/public/3270_120x120.png,MLS,2021,33,-2405
Atlanta United,38167,https://cdn5.wyscout.com/photos/team/public/g38167_120x120.png,MLS,2021,33,-2405
New York RB,6571,https://cdn5.wyscout.com/photos/team/public/689_120x120.png,MLS,2021,33,-2405
CF Montréal,20933,https://cdn5.wyscout.com/photos/team/public/4442_120x120.png,MLS,2021,33,-2405
Real Salt Lake,3843,https://cdn5.wyscout.com/photos/team/public/692_120x120.png,MLS,2021,33,-2405
Los Angeles FC,-8083,https://cdn5.wyscout.com/photos/team/public/g-8083_120x120.png,MLS,2021,33,-2405
DC United,2277,https://cdn5.wyscout.com/photos/team/public/688_120x120.png,MLS,2021,33,-2405
Columbus Crew,2280,https://cdn5.wyscout.com/photos/team/public/685_120x120.png,MLS,2021,33,-2405
Inter Miami,-11993,https://cdn5.wyscout.com/photos/team/public/g-11993_120x120.png,MLS,2021,33,-2405
SJ Earthquakes,2276,https://cdn5.wyscout.com/photos/team/public/697_120x120.png,MLS,2021,33,-2405
Chicago Fire,2273,https://cdn5.wyscout.com/photos/team/public/687_120x120.png,MLS,2021,33,-2405
Houston Dynamo,6422,https://cdn5.wyscout.com/photos/team/public/693_120x120.png,MLS,2021,33,-2405
Dallas,3841,https://cdn5.wyscout.com/photos/team/public/696_120x120.png,MLS,2021,33,-2405
Austin FC,-13611,https://cdn5.wyscout.com/photos/team/public/g-13611_120x120.png,MLS,2021,33,-2405
Toronto,7977,https://cdn5.wyscout.com/photos/team/public/686_120x120.png,MLS,2021,33,-2405
Cincinnati,35679,https://cdn5.wyscout.com/photos/team/public/g35679_120x120.png,MLS,2021,33,-2405
Bahia U23,-8680,https://cdn5.wyscout.com/photos/team/public/g-...,Aspirantes,2021,-325,-2964
Cearà U23,-10251,https://cdn5.wyscout.com/photos/team/public/g-...,Aspirantes,2021,-325,-2964
Corinthians U23,-130,https://cdn5.wyscout.com/photos/team/public/30...,Aspirantes,2021,-325,-2964
Coritiba U23,34401,https://cdn5.wyscout.com/photos/team/public/g3...,Aspirantes,2021,-325,-2964
CRB U23,-13025,https://cdn5.wyscout.com/photos/team/public/g-...,Aspirantes,2021,-325,-2964
Cuiabá U23,-14119,https://cdn5.wyscout.com/photos/team/public/g-...,Aspirantes,2021,-325,-2964
Figueirense U23,41349,https://cdn5.wyscout.com/photos/team/public/g4...,Aspirantes,2021,-325,-2964
Fluminense U23,27470,https://cdn5.wyscout.com/photos/team/public/g2...,Aspirantes,2021,-325,-2964
Fortaleza U23,-13026,https://cdn5.wyscout.com/photos/team/public/g-...,Aspirantes,2021,-325,-2964
Grêmio U23,41352,https://cdn5.wyscout.com/photos/team/public/g4...,Aspirantes,2021,-325,-2964
Juventude U23,-13027,https://cdn5.wyscout.com/photos/team/public/g-...,Aspirantes,2021,-325,-2964
Ponte Preta U23,-10252,https://cdn5.wyscout.com/photos/team/public/g-...,Aspirantes,2021,-325,-2964
RB Bragantino U23,-13028,https://cdn5.wyscout.com/photos/team/public/g-...,Aspirantes,2021,-325,-2964
Santos U23,41351,https://cdn5.wyscout.com/photos/team/public/29...,Aspirantes,2021,-325,-2964
Vitória U23,-8678,https://cdn5.wyscout.com/photos/team/public/g-...,Aspirantes,2021,-325,-2964
Argentinos Juniors,113,https://cdn5.wyscout.com/photos/team/public/11...,Argentina A,2021,87,-2982
Arsenal,92,https://cdn5.wyscout.com/photos/team/public/11...,Argentina A,2021,87,-2982
Atlético Tucumán,7064,https://cdn5.wyscout.com/photos/team/public/13...,Argentina A,2021,87,-2982
Banfield,94,https://cdn5.wyscout.com/photos/team/public/11...,Argentina A,2021,87,-2982
Boca Juniors,95,https://cdn5.wyscout.com/photos/team/public/10...,Argentina A,2021,87,-2982
Central Córdoba SdE,7787,https://cdn5.wyscout.com/photos/team/public/g7...,Argentina A,2021,87,-2982
Colón,97,https://cdn5.wyscout.com/photos/team/public/10...,Argentina A,2021,87,-2982
Defensa y Justicia,117,https://cdn5.wyscout.com/photos/team/public/10...,Argentina A,2021,87,-2982
Estudiantes,98,https://cdn5.wyscout.com/photos/team/public/10...,Argentina A,2021,87,-2982
Gimnasia La Plata,99,https://cdn5.wyscout.com/photos/team/public/11...,Argentina A,2021,87,-2982
Godoy Cruz,122,https://cdn5.wyscout.com/photos/team/public/10...,Argentina A,2021,87,-2982
Huracán,123,https://cdn5.wyscout.com/photos/team/public/11...,Argentina A,2021,87,-2982
Independiente,100,https://cdn5.wyscout.com/photos/team/public/10...,Argentina A,2021,87,-2982
Lanús,101,https://cdn5.wyscout.com/photos/team/public/11...,Argentina A,2021,87,-2982
Newell's Old Boys,102,https://cdn5.wyscout.com/photos/team/public/10...,Argentina A,2021,87,-2982
Patronato,8010,https://cdn5.wyscout.com/photos/team/public/26...,Argentina A,2021,87,-2982
Platense,6960,https://cdn5.wyscout.com/photos/team/public/11...,Argentina A,2021,87,-2982
Racing Club,106,https://cdn5.wyscout.com/photos/team/public/13...,Argentina A,2021,87,-2982
River Plate,107,https://cdn5.wyscout.com/photos/team/public/99...,Argentina A,2021,87,-2982
Rosario Central,108,https://cdn5.wyscout.com/photos/team/public/10...,Argentina A,2021,87,-2982
San Lorenzo,109,https://cdn5.wyscout.com/photos/team/public/10...,Argentina A,2021,87,-2982
Sarmiento,3019,https://cdn5.wyscout.com/photos/team/public/35...,Argentina A,2021,87,-2982
Talleres Córdoba,110,https://cdn5.wyscout.com/photos/team/public/11...,Argentina A,2021,87,-2982
Unión Santa Fe,131,https://cdn5.wyscout.com/photos/team/public/10...,Argentina A,2021,87,-2982
Vélez Sarsfield,111,https://cdn5.wyscout.com/photos/team/public/10...,Argentina A,2021,87,-2982
Alianza Petrolera,6936,https://cdn5.wyscout.com/photos/team/public/g6...,Colômbia,2021,91,-3087
América de Cali,455,https://cdn5.wyscout.com/photos/team/public/83...,Colômbia,2021,91,-3087
Atlético Bucaramanga,466,https://cdn5.wyscout.com/photos/team/public/95...,Colômbia,2021,91,-3087
Atlético Nacional,456,https://cdn5.wyscout.com/photos/team/public/48...,Colômbia,2021,91,-3087
Cortuluá,467,https://cdn5.wyscout.com/photos/team/public/23...,Colômbia,2021,91,-3087
Deportes Tolima,461,https://cdn5.wyscout.com/photos/team/public/87...,Colômbia,2021,91,-3087
Deportivo Cali,459,https://cdn5.wyscout.com/photos/team/public/95...,Colômbia,2021,91,-3087
Deportivo Pasto,462,https://cdn5.wyscout.com/photos/team/public/96...,Colômbia,2021,91,-3087
Deportivo Pereira,460,https://cdn5.wyscout.com/photos/team/public/96...,Colômbia,2021,91,-3087
Envigado,470,https://cdn5.wyscout.com/photos/team/public/95...,Colômbia,2021,91,-3087
Jaguares de Córdoba,23621,https://cdn5.wyscout.com/photos/team/public/g2...,Colômbia,2021,91,-3087
Junior,458,https://cdn5.wyscout.com/photos/team/public/83...,Colômbia,2021,91,-3087
La Equidad,6922,https://cdn5.wyscout.com/photos/team/public/83...,Colômbia,2021,91,-3087
Medellín,464,https://cdn5.wyscout.com/photos/team/public/91...,Colômbia,2021,91,-3087
Millonarios,465,https://cdn5.wyscout.com/photos/team/public/46...,Colômbia,2021,91,-3087
Once Caldas,457,https://cdn5.wyscout.com/photos/team/public/95...,Colômbia,2021,91,-3087
Patriotas Boyacá,6932,https://cdn5.wyscout.com/photos/team/public/44...,Colômbia,2021,91,-3087
Santa Fe,469,https://cdn5.wyscout.com/photos/team/public/83...,Colômbia,2021,91,-3087
Unión Magdalena,472,https://cdn5.wyscout.com/photos/team/public/g4...,Colômbia,2021,91,-3087
Audax Italiano,415,https://cdn5.wyscout.com/photos/team/public/91...,Chile,2021,90,-2373
Cobresal,423,https://cdn5.wyscout.com/photos/team/public/94...,Chile,2021,90,-2373
Colo Colo,411,https://cdn5.wyscout.com/photos/team/public/53...,Chile,2021,90,-2373
Curicó Unido,6796,https://cdn5.wyscout.com/photos/team/public/16...,Chile,2021,90,-2373
Everton,416,https://cdn5.wyscout.com/photos/team/public/93...,Chile,2021,90,-2373
Huachipato,409,https://cdn5.wyscout.com/photos/team/public/94...,Chile,2021,90,-2373
La Serena,417,https://cdn5.wyscout.com/photos/team/public/94...,Chile,2021,90,-2373
Melipilla,3496,https://cdn5.wyscout.com/photos/team/public/95...,Chile,2021,90,-2373
Ñublense,6795,https://cdn5.wyscout.com/photos/team/public/95...,Chile,2021,90,-2373
O'Higgins,2836,https://cdn5.wyscout.com/photos/team/public/93...,Chile,2021,90,-2373
Palestino,422,https://cdn5.wyscout.com/photos/team/public/94...,Chile,2021,90,-2373
Santiago Wanderers,407,https://cdn5.wyscout.com/photos/team/public/21...,Chile,2021,90,-2373
Unión Española,413,https://cdn5.wyscout.com/photos/team/public/94...,Chile,2021,90,-2373
Unión La Calera,6798,https://cdn5.wyscout.com/photos/team/public/33...,Chile,2021,90,-2373
Universidad Católica,418,https://cdn5.wyscout.com/photos/team/public/46...,Chile,2021,90,-2373
Universidad de Chile,412,https://cdn5.wyscout.com/photos/team/public/86...,Chile,2021,90,-2373
Al Ahli,3509,https://cdn5.wyscout.com/photos/team/public/22...,Arábia Saudita,2021,216,-2965
Al Batin,12559,https://cdn5.wyscout.com/photos/team/public/40...,Arábia Saudita,2021,216,-2965
Al Ettifaq,3512,https://cdn5.wyscout.com/photos/team/public/29...,Arábia Saudita,2021,216,-2965
Al Faisaly,7249,https://cdn5.wyscout.com/photos/team/public/29...,Arábia Saudita,2021,216,-2965
Al Fateh,9285,https://cdn5.wyscout.com/photos/team/public/29...,Arábia Saudita,2021,216,-2965
Al Feiha,9938,https://cdn5.wyscout.com/photos/team/public/g9...,Arábia Saudita,2021,216,-2965
Al Hazm,5643,https://cdn5.wyscout.com/photos/team/public/28...,Arábia Saudita,2021,216,-2965
Al Hilal,3511,https://cdn5.wyscout.com/photos/team/public/12...,Arábia Saudita,2021,216,-2965
Al Ittihad,3513,https://cdn5.wyscout.com/photos/team/public/28...,Arábia Saudita,2021,216,-2965
Al Nassr,3514,https://cdn5.wyscout.com/photos/team/public/17...,Arábia Saudita,2021,216,-2965
Al Raed,9936,https://cdn5.wyscout.com/photos/team/public/29...,Arábia Saudita,2021,216,-2965
Al Shabab,3516,https://cdn5.wyscout.com/photos/team/public/22...,Arábia Saudita,2021,216,-2965
Al Ta'ee,3517,https://cdn5.wyscout.com/photos/team/public/g3...,Arábia Saudita,2021,216,-2965
Al Taawon,9937,https://cdn5.wyscout.com/photos/team/public/27...,Arábia Saudita,2021,216,-2965
Dhamk,9287,https://cdn5.wyscout.com/photos/team/public/g9...,Arábia Saudita,2021,216,-2965
Albacete,2026,https://cdn5.wyscout.com/photos/team/public/77...,Primera Division RFEF,2021,-602,-3608
Alcoyano,3000,https://cdn5.wyscout.com/photos/team/public/21...,Primera Division RFEF,2021,-602,-3608
Algeciras,2056,https://cdn5.wyscout.com/photos/team/public/g2...,Primera Division RFEF,2021,-602,-3608
Atlético Baleares,9725,https://cdn5.wyscout.com/photos/team/public/27...,Primera Division RFEF,2021,-602,-3608
Atlético Sanluqueño,9693,https://cdn5.wyscout.com/photos/team/public/g9...,Primera Division RFEF,2021,-602,-3608
Barcelona B,2104,https://cdn5.wyscout.com/photos/team/public/25...,Primera Division RFEF,2021,-602,-3608
Betis Deportivo,2132,https://cdn5.wyscout.com/photos/team/public/27...,Primera Division RFEF,2021,-602,-3608
Bilbao Athletic,2071,https://cdn5.wyscout.com/photos/team/public/27...,Primera Division RFEF,2021,-602,-3608
Castellón,2102,https://cdn5.wyscout.com/photos/team/public/77...,Primera Division RFEF,2021,-602,-3608
CD Badajoz,2119,https://cdn5.wyscout.com/photos/team/public/27...,Primera Division RFEF,2021,-602,-3608
CD Calahorra,9840,https://cdn5.wyscout.com/photos/team/public/g9...,Primera Division RFEF,2021,-602,-3608
CD San Fernando,9706,https://cdn5.wyscout.com/photos/team/public/g9...,Primera Division RFEF,2021,-602,-3608
Celta de Vigo B,2059,https://cdn5.wyscout.com/photos/team/public/27...,Primera Division RFEF,2021,-602,-3608
Cornellà,11768,https://cdn5.wyscout.com/photos/team/public/g1...,Primera Division RFEF,2021,-602,-3608
Costa Brava,13883,https://cdn5.wyscout.com/photos/team/public/39...,Primera Division RFEF,2021,-602,-3608
Cultural Leonesa,2078,https://cdn5.wyscout.com/photos/team/public/21...,Primera Division RFEF,2021,-602,-3608
Deportivo La Coruña,2018,https://cdn5.wyscout.com/photos/team/public/58...,Primera Division RFEF,2021,-602,-3608
DUX Internacional Madrid,16537,https://cdn5.wyscout.com/photos/team/public/g1...,Primera Division RFEF,2021,-602,-3608
Extremadura UD,14922,https://cdn5.wyscout.com/photos/team/public/27...,Primera Division RFEF,2021,-602,-3608
FC Andorra,-10947,https://cdn5.wyscout.com/photos/team/public/g-...,Primera Division RFEF,2021,-602,-3608
Gimnàstic Tarragona,2099,https://cdn5.wyscout.com/photos/team/public/78...,Primera Division RFEF,2021,-602,-3608
Linares Deportivo,22403,https://cdn5.wyscout.com/photos/team/public/g2...,Primera Division RFEF,2021,-602,-3608
Racing Ferrol,2057,https://cdn5.wyscout.com/photos/team/public/65...,Primera Division RFEF,2021,-602,-3608
Racing Santander,2029,https://cdn5.wyscout.com/photos/team/public/53...,Primera Division RFEF,2021,-602,-3608
Rayo Majadahonda,2096,https://cdn5.wyscout.com/photos/team/public/g2...,Primera Division RFEF,2021,-602,-3608
Real Balompédica Linense,9705,https://cdn5.wyscout.com/photos/team/public/g9...,Primera Division RFEF,2021,-602,-3608
Real Madrid Castilla,2080,https://cdn5.wyscout.com/photos/team/public/12...,Primera Division RFEF,2021,-602,-3608
Real Unión,2068,https://cdn5.wyscout.com/photos/team/public/19...,Primera Division RFEF,2021,-602,-3608
Sabadell,2111,https://cdn5.wyscout.com/photos/team/public/25...,Primera Division RFEF,2021,-602,-3608
SD Logroñés,16792,https://cdn5.wyscout.com/photos/team/public/g1...,Primera Division RFEF,2021,-602,-3608
Sevilla Atlético,2118,https://cdn5.wyscout.com/photos/team/public/77...,Primera Division RFEF,2021,-602,-3608
Talavera CF,2086,https://cdn5.wyscout.com/photos/team/public/g2...,Primera Division RFEF,2021,-602,-3608
Tudelano,9832,https://cdn5.wyscout.com/photos/team/public/g9...,Primera Division RFEF,2021,-602,-3608
UCAM Murcia,13920,https://cdn5.wyscout.com/photos/team/public/g1...,Primera Division RFEF,2021,-602,-3608
UD Logroñés,9852,https://cdn5.wyscout.com/photos/team/public/25...,Primera Division RFEF,2021,-602,-3608
UD Sanse,2089,https://cdn5.wyscout.com/photos/team/public/40...,Primera Division RFEF,2021,-602,-3608
Unionistas de Salamanca,37062,https://cdn5.wyscout.com/photos/team/public/g3...,Primera Division RFEF,2021,-602,-3608
Valladolid Promesas,4802,https://cdn5.wyscout.com/photos/team/public/g4...,Primera Division RFEF,2021,-602,-3608
Villarreal B,9076,https://cdn5.wyscout.com/photos/team/public/19...,Primera Division RFEF,2021,-602,-3608
Zamora,2083,https://cdn5.wyscout.com/photos/team/public/27...,Primera Division RFEF,2021,-602,-3608
Juventus,6119,https://cdn5.wyscout.com/photos/team/public/536_120x120.png,Paulista A2,2022,593,-3092
Linense,10898,https://cdn5.wyscout.com/photos/team/public/3187_120x120.png,Paulista A2,2022,593,-3092
Monte Azul,10317,https://cdn5.wyscout.com/photos/team/public/2236_120x120.png,Paulista A2,2022,593,-3092
Oeste,10309,https://cdn5.wyscout.com/photos/team/public/1663_120x120.png,Paulista A2,2022,593,-3092
Osasco Audax,12919,https://cdn5.wyscout.com/photos/team/public/g12919_120x120.png,Paulista A2,2022,593,-3092
Portuguesa,335,https://cdn5.wyscout.com/photos/team/public/496_120x120.png,Paulista A2,2022,593,-3092
Portuguesa Santista,3761,https://cdn5.wyscout.com/photos/team/public/g3761_120x120.png,Paulista A2,2022,593,-3092
Primavera SP,18494,https://cdn5.wyscout.com/photos/team/public/g18494_120x120.png,Paulista A2,2022,593,-3092
RB Brasil,14538,https://cdn5.wyscout.com/photos/team/public/g14538_120x120.png,Paulista A2,2022,593,-3092
Rio Claro,7881,https://cdn5.wyscout.com/photos/team/public/533_120x120.png,Paulista A2,2022,593,-3092
São Bento,6120,https://cdn5.wyscout.com/photos/team/public/g6120_120x120.png,Paulista A2,2022,593,-3092
São Caetano,311,https://cdn5.wyscout.com/photos/team/public/491_120x120.png,Paulista A2,2022,593,-3092
Taubaté,10314,https://cdn5.wyscout.com/photos/team/public/g10314_120x120.png,Paulista A2,2022,593,-3092
Velo Clube,17286,https://cdn5.wyscout.com/photos/team/public/g17286_120x120.png,Paulista A2,2022,593,-3092
XV de Piracicaba,2830,https://cdn5.wyscout.com/photos/team/public/4354_120x120.png,Paulista A2,2022,593,-3092
Bangu,10330,https://cdn5.wyscout.com/photos/team/public/1734_120x120.png,Carioca 1,2022,240,-3080
Boavista,7895,https://cdn5.wyscout.com/photos/team/public/1735_120x120.png,Carioca 1,2022,240,-3080
Botafogo,323,https://cdn5.wyscout.com/photos/team/public/251_120x120.png,Carioca 1,2022,240,-3080
Flamengo,318,https://cdn5.wyscout.com/photos/team/public/246_120x120.png,Carioca 1,2022,240,-3080
Fluminense,312,https://cdn5.wyscout.com/photos/team/public/245_120x120.png,Carioca 1,2022,240,-3080
Madureira,3757,https://cdn5.wyscout.com/photos/team/public/1728_120x120.png,Carioca 1,2022,240,-3080
Nova Iguaçu,6118,https://cdn5.wyscout.com/photos/team/public/3213_120x120.png,Carioca 1,2022,240,-3080
Portuguesa RJ,3759,https://cdn5.wyscout.com/photos/team/public/g3759_120x120.png,Carioca 1,2022,240,-3080
Resende,10201,https://cdn5.wyscout.com/photos/team/public/1682_120x120.png,Carioca 1,2022,240,-3080
Vasco da Gama,321,https://cdn5.wyscout.com/photos/team/public/253_120x120.png,Carioca 1,2022,240,-3080
Volta Redonda,3760,https://cdn5.wyscout.com/photos/team/public/1707_120x120.png,Carioca 1,2022,240,-3080
ASA,5115,https://cdn5.wyscout.com/photos/team/public/2260_120x120.png,Copa do Nordeste,2022,817,-3773
Atlético Cearense,6266,https://cdn5.wyscout.com/photos/team/public/g6266_120x120.png,Copa do Nordeste,2022,817,-3773
Bahia de Feira,13251,https://cdn5.wyscout.com/photos/team/public/3301_120x120.png,Copa do Nordeste,2022,817,-3773
Central,6393,https://cdn5.wyscout.com/photos/team/public/3405_120x120.png,Copa do Nordeste,2022,817,-3773
Floresta EC,35157,https://cdn5.wyscout.com/photos/team/public/g35157_120x120.png,Copa do Nordeste,2022,817,-3773
Fluminense PI,-14759,https://cdn5.wyscout.com/photos/team/public/g-14759_120x120.png,Copa do Nordeste,2022,817,-3773
Imperatriz,5121,https://cdn5.wyscout.com/photos/team/public/g5121_120x120.png,Copa do Nordeste,2022,817,-3773
Itabaiana,5126,https://cdn5.wyscout.com/photos/team/public/g5126_120x120.png,Copa do Nordeste,2022,817,-3773
Jacuipense,18369,https://cdn5.wyscout.com/photos/team/public/g18369_120x120.png,Copa do Nordeste,2022,817,-3773
Juazeirense,10845,https://cdn5.wyscout.com/photos/team/public/g10845_120x120.png,Copa do Nordeste,2022,817,-3773
Lagarto,20757,https://cdn5.wyscout.com/photos/team/public/g20757_120x120.png,Copa do Nordeste,2022,817,-3773
Moto Club MA,3726,https://cdn5.wyscout.com/photos/team/public/g3726_120x120.png,Copa do Nordeste,2022,817,-3773
Retrô,-11789,https://cdn5.wyscout.com/photos/team/public/g-11789_120x120.png,Copa do Nordeste,2022,817,-3773
Ríver,3730,https://cdn5.wyscout.com/photos/team/public/g3730_120x120.png,Copa do Nordeste,2022,817,-3773
Sousa,6296,https://cdn5.wyscout.com/photos/team/public/2324_120x120.png,Copa do Nordeste,2022,817,-3773
Treze,3735,https://cdn5.wyscout.com/photos/team/public/3319_120x120.png,Copa do Nordeste,2022,817,-3773
Brasil de Pelotas,6205,https://cdn5.wyscout.com/photos/team/public/g6205_120x120.png,Gaúcho 1,2022,388,-3189
Caxias,345,https://cdn5.wyscout.com/photos/team/public/1724_120x120.png,Gaúcho 1,2022,388,-3189
EC São José,6206,https://cdn5.wyscout.com/photos/team/public/1725_120x120.png,Gaúcho 1,2022,388,-3189
Grêmio,313,https://cdn5.wyscout.com/photos/team/public/247_120x120.png,Gaúcho 1,2022,388,-3189
Guarany de Bagé,7925,https://cdn5.wyscout.com/photos/team/public/g7925_120x120.png,Gaúcho 1,2022,388,-3189
Internacional,308,https://cdn5.wyscout.com/photos/team/public/255_120x120.png,Gaúcho 1,2022,388,-3189
Juventude,314,https://cdn5.wyscout.com/photos/team/public/507_120x120.png,Gaúcho 1,2022,388,-3189
Novo Hamburgo,5135,https://cdn5.wyscout.com/photos/team/public/1726_120x120.png,Gaúcho 1,2022,388,-3189
São Luiz,6213,https://cdn5.wyscout.com/photos/team/public/2383_120x120.png,Gaúcho 1,2022,388,-3189
União RS,17598,https://cdn5.wyscout.com/photos/team/public/g17598_120x120.png,Gaúcho 1,2022,388,-3189
Ypiranga Erechim,10394,https://cdn5.wyscout.com/photos/team/public/1765_120x120.png,Gaúcho 1,2022,388,-3189
Azuriz,-13426,https://cdn5.wyscout.com/photos/team/public/g-13426_120x120.png,Paranaense 1,2022,386,-3083
Cascavel,14579,https://cdn5.wyscout.com/photos/team/public/g14579_120x120.png,Paranaense 1,2022,386,-3083
Cianorte,3714,https://cdn5.wyscout.com/photos/team/public/2365_120x120.png,Paranaense 1,2022,386,-3083
Coritiba,324,https://cdn5.wyscout.com/photos/team/public/488_120x120.png,Paranaense 1,2022,386,-3083
Independente FSJ,-15090,https://cdn5.wyscout.com/photos/team/public/g-15090_120x120.png,Paranaense 1,2022,386,-3083
Londrina,346,https://cdn5.wyscout.com/photos/team/public/4357_120x120.png,Paranaense 1,2022,386,-3083
Maringá,18574,https://cdn5.wyscout.com/photos/team/public/g18574_120x120.png,Paranaense 1,2022,386,-3083
Operário PR,13217,https://cdn5.wyscout.com/photos/team/public/2380_120x120.png,Paranaense 1,2022,386,-3083
Paraná,309,https://cdn5.wyscout.com/photos/team/public/256_120x120.png,Paranaense 1,2022,386,-3083
Rio Branco PR,6182,https://cdn5.wyscout.com/photos/team/public/2379_120x120.png,Paranaense 1,2022,386,-3083
União PR,38356,https://cdn5.wyscout.com/photos/team/public/g38356_120x120.png,Paranaense 1,2022,386,-3083
Barra,36223,https://cdn5.wyscout.com/photos/team/public/g36223_120x120.png,Catarinense 1,2022,390,-3082
Brusque,6227,https://cdn5.wyscout.com/photos/team/public/2364_120x120.png,Catarinense 1,2022,390,-3082
Camboriú,19782,https://cdn5.wyscout.com/photos/team/public/4368_120x120.png,Catarinense 1,2022,390,-3082
Chapecoense,6223,https://cdn5.wyscout.com/photos/team/public/2375_120x120.png,Catarinense 1,2022,390,-3082
Concórdia,17288,https://cdn5.wyscout.com/photos/team/public/3206_120x120.png,Catarinense 1,2022,390,-3082
Figueirense,303,https://cdn5.wyscout.com/photos/team/public/257_120x120.png,Catarinense 1,2022,390,-3082
Hercílio Luz,19784,https://cdn5.wyscout.com/photos/team/public/g19784_120x120.png,Catarinense 1,2022,390,-3082
Joinville,348,https://cdn5.wyscout.com/photos/team/public/2363_120x120.png,Catarinense 1,2022,390,-3082
Juventus Jaraguá,6222,https://cdn5.wyscout.com/photos/team/public/2370_120x120.png,Catarinense 1,2022,390,-3082
Marcílio Dias,5131,https://cdn5.wyscout.com/photos/team/public/3207_120x120.png,Catarinense 1,2022,390,-3082
Prospera Criciuma,7923,https://cdn5.wyscout.com/photos/team/public/g7923_120x120.png,Catarinense 1,2022,390,-3082
Botafogo SP,2828,https://cdn5.wyscout.com/photos/team/public/1649_120x120.png,Paulista A1,2022,239,-3094
Corinthians,320,https://cdn5.wyscout.com/photos/team/public/248_120x120.png,Paulista A1,2022,239,-3094
Ferroviária,7944,https://cdn5.wyscout.com/photos/team/public/g7944_120x120.png,Paulista A1,2022,239,-3094
Grêmio Novorizontino,21284,https://cdn5.wyscout.com/photos/team/public/g21284_120x120.png,Paulista A1,2022,239,-3094
Guarani,316,https://cdn5.wyscout.com/photos/team/public/534_120x120.png,Paulista A1,2022,239,-3094
Inter de Limeira,3753,https://cdn5.wyscout.com/photos/team/public/g3753_120x120.png,Paulista A1,2022,239,-3094
Ituano,340,https://cdn5.wyscout.com/photos/team/public/530_120x120.png,Paulista A1,2022,239,-3094
Mirassol,10164,https://cdn5.wyscout.com/photos/team/public/1643_120x120.png,Paulista A1,2022,239,-3094
Palmeiras,310,https://cdn5.wyscout.com/photos/team/public/250_120x120.png,Paulista A1,2022,239,-3094
Ponte Preta,301,https://cdn5.wyscout.com/photos/team/public/506_120x120.png,Paulista A1,2022,239,-3094
Red Bull Bragantino,2827,https://cdn5.wyscout.com/photos/team/public/498_120x120.png,Paulista A1,2022,239,-3094
Santo André,343,https://cdn5.wyscout.com/photos/team/public/505_120x120.png,Paulista A1,2022,239,-3094
Santos,319,https://cdn5.wyscout.com/photos/team/public/244_120x120.png,Paulista A1,2022,239,-3094
São Bernardo FC,12627,https://cdn5.wyscout.com/photos/team/public/3188_120x120.png,Paulista A1,2022,239,-3094
São Paulo,302,https://cdn5.wyscout.com/photos/team/public/243_120x120.png,Paulista A1,2022,239,-3094
Athletic Club,-13504,https://cdn5.wyscout.com/photos/team/public/g-13504_120x120.png,Mineiro 1,2022,387,-3081
Atlético Mineiro,317,https://cdn5.wyscout.com/photos/team/public/252_120x120.png,Mineiro 1,2022,387,-3081
Caldense,3710,https://cdn5.wyscout.com/photos/team/public/2411_120x120.png,Mineiro 1,2022,387,-3081
Cruzeiro,304,https://cdn5.wyscout.com/photos/team/public/249_120x120.png,Mineiro 1,2022,387,-3081
Democrata GV,6196,https://cdn5.wyscout.com/photos/team/public/1720_120x120.png,Mineiro 1,2022,387,-3081
Patrocinense,38497,https://cdn5.wyscout.com/photos/team/public/g38497_120x120.png,Mineiro 1,2022,387,-3081
Pouso Alegre,-13505,https://cdn5.wyscout.com/photos/team/public/g-13505_120x120.png,Mineiro 1,2022,387,-3081
Tombense,14565,https://cdn5.wyscout.com/photos/team/public/2212_120x120.png,Mineiro 1,2022,387,-3081
Uberlândia,6197,https://cdn5.wyscout.com/photos/team/public/2368_120x120.png,Mineiro 1,2022,387,-3081
URT,6116,https://cdn5.wyscout.com/photos/team/public/g6116_120x120.png,Mineiro 1,2022,387,-3081
Villa Nova,5145,https://cdn5.wyscout.com/photos/team/public/1731_120x120.png,Mineiro 1,2022,387,-3081
